"::1","-","-","[02/Feb/2019:11:34:16","+0530]","\"GET","/phpmyadmin/phpmyadmin.css.php?nocache=4634171511ltr&server=1","HTTP/1.1\"","200","20760"
"::1","-","-","[02/Feb/2019:11:34:16","+0530]","""GET","/phpmyadmin/js/whitelist.php?v=4.8.4","HTTP/1.1""","200","57"
"::1","-","-","[02/Feb/2019:11:34:23","+0530]","""GET","/phpmyadmin/js/cross_framing_protection.js?v=4.8.4","HTTP/1.1""","200","471"
"::1","-","-","[02/Feb/2019:11:34:23","+0530]","""GET","/phpmyadmin/js/messages.php?l=en&v=4.8.4","HTTP/1.1""","200","8822"
"::1","-","-","[02/Feb/2019:11:34:26","+0530]","""GET","/phpmyadmin/themes/dot.gif","HTTP/1.1""","200","43"
"::1","-","-","[02/Feb/2019:11:34:28","+0530]","""GET","/phpmyadmin/themes/pmahomme/img/b_help.png","HTTP/1.1""","200","705"
"::1","-","-","[02/Feb/2019:11:35:00","+0530]","""POST","/phpmyadmin/index.php","HTTP/1.1""","200","3583"
"::1","-","-","[02/Feb/2019:11:35:03","+0530]","""GET","/phpmyadmin/themes/pmahomme/img/s_error.png","HTTP/1.1""","200","614"
"::1","-","-","[02/Feb/2019:11:35:06","+0530]","""POST","/phpmyadmin/index.php","HTTP/1.1""","200","3579"
"::1","-","-","[02/Feb/2019:11:35:30","+0530]","""POST","/phpmyadmin/index.php","HTTP/1.1""","200","3580"
"::1","-","-","[02/Feb/2019:11:35:35","+0530]","""POST","/phpmyadmin/index.php","HTTP/1.1""","200","3588"
"::1","-","-","[02/Feb/2019:11:36:05","+0530]","""POST","/phpmyadmin/index.php","HTTP/1.1""","200","3586"
"::1","-","-","[02/Feb/2019:11:38:08","+0530]","""GET","/phpmyadmin/","HTTP/1.1""","200","3472"
"::1","-","-","[02/Feb/2019:11:38:14","+0530]","""POST","/phpmyadmin/index.php","HTTP/1.1""","302","25"
"::1","-","-","[02/Feb/2019:11:38:15","+0530]","""GET","/phpmyadmin/index.php","HTTP/1.1""","200","12947"
"::1","-","-","[02/Feb/2019:11:38:23","+0530]","""GET","/phpmyadmin/themes/pmahomme/img/logo_left.png","HTTP/1.1""","200","2713"
"::1","-","-","[02/Feb/2019:11:38:22","+0530]","""GET","/phpmyadmin/phpmyadmin.css.php?nocache=6183259207ltr&server=1","HTTP/1.1""","200","20760"
"::1","-","-","[02/Feb/2019:11:38:23","+0530]","""GET","/phpmyadmin/themes/pmahomme/img/left_nav_bg.png","HTTP/1.1""","200","146"
"::1","-","-","[02/Feb/2019:11:38:23","+0530]","""GET","/phpmyadmin/themes/pmahomme/img/b_home.png","HTTP/1.1""","200","734"
"::1","-","-","[02/Feb/2019:11:38:23","+0530]","""GET","/phpmyadmin/themes/pmahomme/img/s_loggoff.png","HTTP/1.1""","200","626"
"::1","-","-","[02/Feb/2019:11:38:23","+0530]","""GET","/phpmyadmin/themes/pmahomme/img/b_sqlhelp.png","HTTP/1.1""","200","512"
"::1","-","-","[02/Feb/2019:11:38:23","+0530]","""GET","/phpmyadmin/themes/pmahomme/img/b_docs.png","HTTP/1.1""","200","705"
"::1","-","-","[02/Feb/2019:11:38:23","+0530]","""GET","/phpmyadmin/themes/pmahomme/img/s_reload.png","HTTP/1.1""","200","527"
"::1","-","-","[02/Feb/2019:11:38:23","+0530]","""GET","/phpmyadmin/themes/pmahomme/img/s_cog.png","HTTP/1.1""","200","442"
"::1","-","-","[02/Feb/2019:11:38:24","+0530]","""GET","/phpmyadmin/themes/pmahomme/img/ajax_clock_small.gif","HTTP/1.1""","200","1810"
"::1","-","-","[02/Feb/2019:11:38:24","+0530]","""GET","/phpmyadmin/themes/pmahomme/img/s_link.png","HTTP/1.1""","200","280"
"::1","-","-","[02/Feb/2019:11:38:24","+0530]","""GET","/phpmyadmin/themes/pmahomme/img/b_newdb.png","HTTP/1.1""","200","585"
"::1","-","-","[02/Feb/2019:11:38:24","+0530]","""GET","/phpmyadmin/themes/pmahomme/img/b_plus.png","HTTP/1.1""","200","143"
"::1","-","-","[02/Feb/2019:11:38:24","+0530]","""GET","/phpmyadmin/themes/pmahomme/img/s_db.png","HTTP/1.1""","200","328"
"::1","-","-","[02/Feb/2019:11:38:24","+0530]","""GET","/phpmyadmin/themes/pmahomme/img/s_status.png","HTTP/1.1""","200","600"
"::1","-","-","[02/Feb/2019:11:38:24","+0530]","""GET","/phpmyadmin/themes/pmahomme/img/s_host.png","HTTP/1.1""","200","591"
"::1","-","-","[02/Feb/2019:11:38:24","+0530]","""GET","/phpmyadmin/themes/pmahomme/img/s_rights.png","HTTP/1.1""","200","461"
"::1","-","-","[02/Feb/2019:11:38:24","+0530]","""GET","/phpmyadmin/themes/pmahomme/img/b_sql.png","HTTP/1.1""","200","680"
"::1","-","-","[02/Feb/2019:11:38:24","+0530]","""GET","/phpmyadmin/themes/pmahomme/img/b_export.png","HTTP/1.1""","200","514"
"::1","-","-","[02/Feb/2019:11:38:24","+0530]","""GET","/phpmyadmin/themes/pmahomme/img/b_import.png","HTTP/1.1""","200","556"
"::1","-","-","[02/Feb/2019:11:38:24","+0530]","""GET","/phpmyadmin/themes/pmahomme/img/b_tblops.png","HTTP/1.1""","200","537"
"::1","-","-","[02/Feb/2019:11:38:24","+0530]","""GET","/phpmyadmin/themes/pmahomme/img/s_vars.png","HTTP/1.1""","200","523"
"::1","-","-","[02/Feb/2019:11:38:24","+0530]","""GET","/phpmyadmin/themes/pmahomme/img/s_replication.png","HTTP/1.1""","200","399"
"::1","-","-","[02/Feb/2019:11:38:24","+0530]","""GET","/phpmyadmin/themes/pmahomme/img/b_engine.png","HTTP/1.1""","200","398"
"::1","-","-","[02/Feb/2019:11:38:24","+0530]","""GET","/phpmyadmin/themes/pmahomme/img/b_plugin.png","HTTP/1.1""","200","512"
"::1","-","-","[02/Feb/2019:11:38:24","+0530]","""GET","/phpmyadmin/themes/pmahomme/img/s_asci.png","HTTP/1.1""","200","148"
"::1","-","-","[02/Feb/2019:11:38:24","+0530]","""GET","/phpmyadmin/themes/pmahomme/img/s_top.png","HTTP/1.1""","200","220"
"::1","-","-","[02/Feb/2019:11:38:24","+0530]","""GET","/phpmyadmin/themes/pmahomme/img/s_theme.png","HTTP/1.1""","200","772"
"::1","-","-","[02/Feb/2019:11:38:24","+0530]","""GET","/phpmyadmin/themes/pmahomme/img/window-new.png","HTTP/1.1""","200","468"
"::1","-","-","[02/Feb/2019:11:38:24","+0530]","""GET","/phpmyadmin/themes/pmahomme/img/console.png","HTTP/1.1""","200","292"
"::1","-","-","[02/Feb/2019:11:38:24","+0530]","""GET","/phpmyadmin/themes/pmahomme/img/s_passwd.png","HTTP/1.1""","200","331"
"::1","-","-","[02/Feb/2019:11:38:24","+0530]","""GET","/phpmyadmin/themes/pmahomme/img/s_lang.png","HTTP/1.1""","200","659"
"::1","-","-","[02/Feb/2019:11:38:24","+0530]","""POST","/phpmyadmin/ajax.php","HTTP/1.1""","200","1395"
"::1","-","-","[02/Feb/2019:11:38:25","+0530]","""GET","/phpmyadmin/themes/pmahomme/img/b_more.png","HTTP/1.1""","200","111"
"::1","-","-","[02/Feb/2019:11:38:25","+0530]","""POST","/phpmyadmin/ajax.php","HTTP/1.1""","200","1488"
"::1","-","-","[02/Feb/2019:11:38:25","+0530]","""POST","/phpmyadmin/navigation.php?ajax_request=1","HTTP/1.1""","200","2068"
"::1","-","-","[02/Feb/2019:11:38:26","+0530]","""POST","/phpmyadmin/ajax.php","HTTP/1.1""","200","1386"
"::1","-","-","[02/Feb/2019:11:38:26","+0530]","""POST","/phpmyadmin/version_check.php","HTTP/1.1""","200","28"
"::1","-","-","[02/Feb/2019:11:41:19","+0530]","""GET","/phpmyadmin/","HTTP/1.1""","200","12947"
"::1","-","-","[02/Feb/2019:11:41:21","+0530]","""GET","/phpmyadmin/phpmyadmin.css.php?nocache=6183259217ltr&server=1","HTTP/1.1""","200","20760"
"::1","-","-","[02/Feb/2019:11:41:23","+0530]","""POST","/phpmyadmin/ajax.php","HTTP/1.1""","200","1395"
"::1","-","-","[02/Feb/2019:11:41:23","+0530]","""POST","/phpmyadmin/navigation.php?ajax_request=1","HTTP/1.1""","200","2068"
"::1","-","-","[02/Feb/2019:11:41:23","+0530]","""POST","/phpmyadmin/ajax.php","HTTP/1.1""","200","1491"
"::1","-","-","[02/Feb/2019:11:41:23","+0530]","""POST","/phpmyadmin/ajax.php","HTTP/1.1""","200","1386"
"::1","-","-","[02/Feb/2019:11:41:24","+0530]","""POST","/phpmyadmin/version_check.php","HTTP/1.1""","200","28"
"::1","-","-","[02/Feb/2019:11:41:27","+0530]","""GET","/phpmyadmin/db_structure.php?server=1&db=test&ajax_request=true&ajax_page_request=true&_nocache=1549087887959794350&token=%2C%40%26%40Ot%2Ck%24K%22%2F(%25%3D%60","HTTP/1.1""","200","5256"
"::1","-","-","[02/Feb/2019:11:41:30","+0530]","""GET","/phpmyadmin/themes/pmahomme/img/b_search.png","HTTP/1.1""","200","538"
"::1","-","-","[02/Feb/2019:11:41:30","+0530]","""GET","/phpmyadmin/themes/pmahomme/img/b_props.png","HTTP/1.1""","200","573"
"::1","-","-","[02/Feb/2019:11:41:30","+0530]","""GET","/phpmyadmin/themes/pmahomme/img/b_events.png","HTTP/1.1""","200","703"
"::1","-","-","[02/Feb/2019:11:41:30","+0530]","""GET","/phpmyadmin/themes/pmahomme/img/b_routines.png","HTTP/1.1""","200","306"
"::1","-","-","[02/Feb/2019:11:41:30","+0530]","""GET","/phpmyadmin/themes/pmahomme/img/b_relations.png","HTTP/1.1""","200","140"
"::1","-","-","[02/Feb/2019:11:41:30","+0530]","""GET","/phpmyadmin/themes/pmahomme/img/b_triggers.png","HTTP/1.1""","200","446"
"::1","-","-","[02/Feb/2019:11:41:31","+0530]","""GET","/phpmyadmin/themes/pmahomme/img/b_no_favorite.png","HTTP/1.1""","200","377"
"::1","-","-","[02/Feb/2019:11:41:31","+0530]","""GET","/phpmyadmin/themes/pmahomme/img/s_asc.png","HTTP/1.1""","200","146"
"::1","-","-","[02/Feb/2019:11:41:31","+0530]","""GET","/phpmyadmin/themes/pmahomme/img/s_desc.png","HTTP/1.1""","200","146"
"::1","-","-","[02/Feb/2019:11:41:31","+0530]","""GET","/phpmyadmin/themes/pmahomme/img/b_insrow.png","HTTP/1.1""","200","157"
"::1","-","-","[02/Feb/2019:11:41:31","+0530]","""GET","/phpmyadmin/themes/pmahomme/img/b_browse.png","HTTP/1.1""","200","486"
"::1","-","-","[02/Feb/2019:11:41:31","+0530]","""GET","/phpmyadmin/themes/pmahomme/img/b_empty.png","HTTP/1.1""","200","521"
"::1","-","-","[02/Feb/2019:11:41:31","+0530]","""GET","/phpmyadmin/themes/pmahomme/img/b_select.png","HTTP/1.1""","200","593"
"::1","-","-","[02/Feb/2019:11:41:31","+0530]","""GET","/phpmyadmin/themes/pmahomme/img/b_print.png","HTTP/1.1""","200","639"
"::1","-","-","[02/Feb/2019:11:41:31","+0530]","""GET","/phpmyadmin/themes/pmahomme/img/b_tblanalyse.png","HTTP/1.1""","200","152"
"::1","-","-","[02/Feb/2019:11:41:31","+0530]","""GET","/phpmyadmin/themes/pmahomme/img/b_drop.png","HTTP/1.1""","200","637"
"::1","-","-","[02/Feb/2019:11:41:31","+0530]","""GET","/phpmyadmin/themes/pmahomme/img/b_table_add.png","HTTP/1.1""","200","571"
"::1","-","-","[02/Feb/2019:11:41:31","+0530]","""GET","/phpmyadmin/themes/pmahomme/img/arrow_ltr.png","HTTP/1.1""","200","101"
"::1","-","-","[02/Feb/2019:11:41:30","+0530]","""GET","/phpmyadmin/navigation.php?ajax_request=1&aPath=cm9vdA%3D%3D.dGVzdA%3D%3D&vPath=cm9vdA%3D%3D.dGVzdA%3D%3D&pos=0&pos2_name=&pos2_value=&searchClause=&searchClause2=&_nocache=1549087890987306194&token=%2C%40%26%40Ot%2Ck%24K%22%2F(%25%3D%60","HTTP/1.1""","200","1833"
"::1","-","-","[02/Feb/2019:11:41:32","+0530]","""GET","/phpmyadmin/themes/pmahomme/img/b_minus.png","HTTP/1.1""","200","123"
"::1","-","-","[02/Feb/2019:11:41:33","+0530]","""GET","/phpmyadmin/sql.php?db=test&table=firewall&pos=0&ajax_request=true&ajax_page_request=true&_nocache=1549087893698586762&token=%2C%40%26%40Ot%2Ck%24K%22%2F(%25%3D%60","HTTP/1.1""","200","8193"
"::1","-","-","[02/Feb/2019:11:41:38","+0530]","""GET","/phpmyadmin/themes/pmahomme/img/s_tbl.png","HTTP/1.1""","200","645"
"::1","-","-","[02/Feb/2019:11:41:38","+0530]","""GET","/phpmyadmin/themes/pmahomme/img/b_tblexport.png","HTTP/1.1""","200","514"
"::1","-","-","[02/Feb/2019:11:41:38","+0530]","""GET","/phpmyadmin/themes/pmahomme/img/b_tblimport.png","HTTP/1.1""","200","556"
"::1","-","-","[02/Feb/2019:11:41:38","+0530]","""GET","/phpmyadmin/themes/pmahomme/img/s_success.png","HTTP/1.1""","200","465"
"::1","-","-","[02/Feb/2019:11:41:38","+0530]","""GET","/phpmyadmin/themes/pmahomme/img/s_notice.png","HTTP/1.1""","200","567"
"::1","-","-","[02/Feb/2019:11:41:38","+0530]","""GET","/phpmyadmin/themes/pmahomme/img/b_chart.png","HTTP/1.1""","200","449"
"::1","-","-","[02/Feb/2019:11:41:38","+0530]","""GET","/phpmyadmin/themes/pmahomme/img/b_view_add.png","HTTP/1.1""","200","678"
"::1","-","-","[02/Feb/2019:11:41:39","+0530]","""GET","/phpmyadmin/index.php?ajax_request=1&recent_table=1&no_debug=true&_nocache=1549087899181959100&token=%2C%40%26%40Ot%2Ck%24K%22%2F(%25%3D%60","HTTP/1.1""","200","1443"
"::1","-","-","[02/Feb/2019:11:41:40","+0530]","""GET","/phpmyadmin/themes/pmahomme/img/col_pointer.png","HTTP/1.1""","200","102"
"::1","-","-","[02/Feb/2019:11:41:45","+0530]","""POST","/phpmyadmin/ajax.php","HTTP/1.1""","200","1388"
"::1","-","-","[02/Feb/2019:11:41:48","+0530]","""POST","/phpmyadmin/lint.php","HTTP/1.1""","200","28"
"::1","-","-","[02/Feb/2019:11:41:49","+0530]","""POST","/phpmyadmin/db_sql_autocomplete.php","HTTP/1.1""","200","1972"
"::1","-","-","[02/Feb/2019:11:41:49","+0530]","""POST","/phpmyadmin/lint.php","HTTP/1.1""","200","28"
"::1","-","-","[02/Feb/2019:11:41:50","+0530]","""POST","/phpmyadmin/lint.php","HTTP/1.1""","200","28"
"::1","-","-","[02/Feb/2019:11:41:51","+0530]","""POST","/phpmyadmin/lint.php","HTTP/1.1""","200","28"
"::1","-","-","[02/Feb/2019:11:41:53","+0530]","""POST","/phpmyadmin/lint.php","HTTP/1.1""","200","28"
"::1","-","-","[02/Feb/2019:11:41:54","+0530]","""POST","/phpmyadmin/lint.php","HTTP/1.1""","200","28"
"::1","-","-","[02/Feb/2019:11:41:55","+0530]","""POST","/phpmyadmin/lint.php","HTTP/1.1""","200","141"
"::1","-","-","[02/Feb/2019:11:41:56","+0530]","""POST","/phpmyadmin/lint.php","HTTP/1.1""","200","141"
"::1","-","-","[02/Feb/2019:11:41:57","+0530]","""POST","/phpmyadmin/lint.php","HTTP/1.1""","200","141"
"::1","-","-","[02/Feb/2019:11:41:58","+0530]","""POST","/phpmyadmin/lint.php","HTTP/1.1""","200","141"
"::1","-","-","[02/Feb/2019:11:41:59","+0530]","""POST","/phpmyadmin/lint.php","HTTP/1.1""","200","28"
"::1","-","-","[02/Feb/2019:11:42:01","+0530]","""POST","/phpmyadmin/navigation.php?ajax_request=1","HTTP/1.1""","200","2416"
"::1","-","-","[02/Feb/2019:11:42:01","+0530]","""POST","/phpmyadmin/import.php","HTTP/1.1""","200","5424"
"::1","-","-","[02/Feb/2019:11:42:04","+0530]","""GET","/phpmyadmin/index.php?ajax_request=1&recent_table=1&no_debug=true&_nocache=1549087924133643657&token=%2C%40%26%40Ot%2Ck%24K%22%2F(%25%3D%60","HTTP/1.1""","200","1443"
"::1","-","-","[02/Feb/2019:11:53:43","+0530]","""POST","/phpmyadmin/lint.php","HTTP/1.1""","200","28"
"::1","-","-","[02/Feb/2019:11:53:45","+0530]","""POST","/phpmyadmin/lint.php","HTTP/1.1""","200","28"
"::1","-","-","[02/Feb/2019:11:53:47","+0530]","""POST","/phpmyadmin/lint.php","HTTP/1.1""","200","28"
"::1","-","-","[02/Feb/2019:11:53:48","+0530]","""POST","/phpmyadmin/navigation.php?ajax_request=1","HTTP/1.1""","200","2416"
"::1","-","-","[02/Feb/2019:11:53:48","+0530]","""POST","/phpmyadmin/import.php","HTTP/1.1""","200","5420"
"::1","-","-","[02/Feb/2019:11:53:50","+0530]","""GET","/phpmyadmin/index.php?ajax_request=1&recent_table=1&no_debug=true&_nocache=154908863004249616&token=%2C%40%26%40Ot%2Ck%24K%22%2F(%25%3D%60","HTTP/1.1""","200","1443"
"::1","-","-","[02/Feb/2019:11:59:05","+0530]","""POST","/phpmyadmin/db_sql_autocomplete.php","HTTP/1.1""","200","1972"
"::1","-","-","[02/Feb/2019:11:59:07","+0530]","""POST","/phpmyadmin/lint.php","HTTP/1.1""","200","130"
"::1","-","-","[02/Feb/2019:11:59:20","+0530]","""POST","/phpmyadmin/lint.php","HTTP/1.1""","200","130"
"::1","-","-","[02/Feb/2019:11:59:21","+0530]","""POST","/phpmyadmin/lint.php","HTTP/1.1""","200","28"
"::1","-","-","[02/Feb/2019:11:59:23","+0530]","""POST","/phpmyadmin/lint.php","HTTP/1.1""","200","28"
"::1","-","-","[02/Feb/2019:11:59:24","+0530]","""POST","/phpmyadmin/lint.php","HTTP/1.1""","200","28"
"::1","-","-","[02/Feb/2019:11:59:24","+0530]","""POST","/phpmyadmin/lint.php","HTTP/1.1""","200","28"
"::1","-","-","[02/Feb/2019:11:59:26","+0530]","""POST","/phpmyadmin/lint.php","HTTP/1.1""","200","28"
"::1","-","-","[02/Feb/2019:11:59:27","+0530]","""POST","/phpmyadmin/lint.php","HTTP/1.1""","200","138"
"::1","-","-","[02/Feb/2019:11:59:29","+0530]","""POST","/phpmyadmin/lint.php","HTTP/1.1""","200","138"
"::1","-","-","[02/Feb/2019:11:59:30","+0530]","""POST","/phpmyadmin/lint.php","HTTP/1.1""","200","28"
"::1","-","-","[02/Feb/2019:11:59:33","+0530]","""POST","/phpmyadmin/lint.php","HTTP/1.1""","200","28"
"::1","-","-","[02/Feb/2019:11:59:34","+0530]","""POST","/phpmyadmin/lint.php","HTTP/1.1""","200","28"
"::1","-","-","[02/Feb/2019:11:59:35","+0530]","""POST","/phpmyadmin/lint.php","HTTP/1.1""","200","141"
"::1","-","-","[02/Feb/2019:11:59:36","+0530]","""POST","/phpmyadmin/lint.php","HTTP/1.1""","200","141"
"::1","-","-","[02/Feb/2019:11:59:37","+0530]","""POST","/phpmyadmin/lint.php","HTTP/1.1""","200","28"
"::1","-","-","[02/Feb/2019:11:59:37","+0530]","""POST","/phpmyadmin/navigation.php?ajax_request=1","HTTP/1.1""","200","2416"
"::1","-","-","[02/Feb/2019:11:59:37","+0530]","""POST","/phpmyadmin/import.php","HTTP/1.1""","200","5364"
"::1","-","-","[02/Feb/2019:11:59:39","+0530]","""GET","/phpmyadmin/index.php?ajax_request=1&recent_table=1&no_debug=true&_nocache=1549088979206864222&token=%2C%40%26%40Ot%2Ck%24K%22%2F(%25%3D%60","HTTP/1.1""","200","1443"
"::1","-","-","[02/Feb/2019:12:01:08","+0530]","""GET","/phpmyadmin/server_databases.php?server=1&ajax_request=true&ajax_page_request=true&_nocache=1549089068042700114&token=%2C%40%26%40Ot%2Ck%24K%22%2F(%25%3D%60","HTTP/1.1""","200","6120"
"::1","-","-","[02/Feb/2019:12:01:09","+0530]","""GET","/phpmyadmin/themes/pmahomme/img/b_deltbl.png","HTTP/1.1""","200","577"
"::1","-","-","[02/Feb/2019:12:01:09","+0530]","""GET","/phpmyadmin/js/server_databases.js?v=4.8.4","HTTP/1.1""","200","5692"
"::1","-","-","[02/Feb/2019:12:01:22","+0530]","""GET","/phpmyadmin/tbl_create.php?server=1&db=test&ajax_request=true&ajax_page_request=true&_nocache=1549089082087403424&token=%2C%40%26%40Ot%2Ck%24K%22%2F(%25%3D%60","HTTP/1.1""","200","23564"
"::1","-","-","[02/Feb/2019:12:02:21","+0530]","""POST","/phpmyadmin/index.php","HTTP/1.1""","200","1387"
"::1","-","-","[02/Feb/2019:12:02:39","+0530]","""POST","/phpmyadmin/index.php","HTTP/1.1""","200","1387"
"::1","-","-","[02/Feb/2019:12:02:41","+0530]","""POST","/phpmyadmin/index.php","HTTP/1.1""","200","1387"
"::1","-","-","[02/Feb/2019:12:07:21","+0530]","""GET","/phpmyadmin/db_structure.php?server=1&db=test&ajax_request=true&ajax_page_request=true&_nocache=1549089441505571922&token=%2C%40%26%40Ot%2Ck%24K%22%2F(%25%3D%60","HTTP/1.1""","200","5259"
"::1","-","-","[02/Feb/2019:12:07:22","+0530]","""GET","/phpmyadmin/navigation.php?ajax_request=1&aPath=cm9vdA%3D%3D.dGVzdA%3D%3D&vPath=cm9vdA%3D%3D.dGVzdA%3D%3D&pos=0&pos2_name=&pos2_value=&searchClause=&searchClause2=&_nocache=1549089442217337902&token=%2C%40%26%40Ot%2Ck%24K%22%2F(%25%3D%60","HTTP/1.1""","200","1836"
"::1","-","-","[02/Feb/2019:12:07:24","+0530]","""GET","/phpmyadmin/sql.php?db=test&table=firewall&pos=0&ajax_request=true&ajax_page_request=true&_nocache=1549089444249417105&token=%2C%40%26%40Ot%2Ck%24K%22%2F(%25%3D%60","HTTP/1.1""","200","8192"
"::1","-","-","[02/Feb/2019:12:07:25","+0530]","""GET","/phpmyadmin/index.php?ajax_request=1&recent_table=1&no_debug=true&_nocache=1549089445793965779&token=%2C%40%26%40Ot%2Ck%24K%22%2F(%25%3D%60","HTTP/1.1""","200","1443"
"::1","-","-","[02/Feb/2019:12:07:28","+0530]","""POST","/phpmyadmin/ajax.php","HTTP/1.1""","200","1388"
"::1","-","-","[02/Feb/2019:12:07:30","+0530]","""POST","/phpmyadmin/lint.php","HTTP/1.1""","200","28"
"::1","-","-","[02/Feb/2019:12:07:32","+0530]","""POST","/phpmyadmin/navigation.php?ajax_request=1","HTTP/1.1""","200","2416"
"::1","-","-","[02/Feb/2019:12:07:32","+0530]","""POST","/phpmyadmin/import.php","HTTP/1.1""","200","6060"
"::1","-","-","[02/Feb/2019:12:07:34","+0530]","""GET","/phpmyadmin/index.php?ajax_request=1&recent_table=1&no_debug=true&_nocache=1549089454298824187&token=%2C%40%26%40Ot%2Ck%24K%22%2F(%25%3D%60","HTTP/1.1""","200","1443"
"::1","-","-","[02/Feb/2019:12:08:22","+0530]","""GET","/phpmyadmin/db_import.php?db=test&ajax_request=true&ajax_page_request=true&_nocache=1549089502000492176&token=%2C%40%26%40Ot%2Ck%24K%22%2F(%25%3D%60","HTTP/1.1""","200","6438"
"::1","-","-","[02/Feb/2019:12:08:23","+0530]","""GET","/phpmyadmin/js/import.js?v=4.8.4","HTTP/1.1""","200","5640"
"::1","-","-","[02/Feb/2019:12:09:34","+0530]","""POST","/phpmyadmin/import.php","HTTP/1.1""","200","28283"
"::1","-","-","[02/Feb/2019:12:09:39","+0530]","""GET","/phpmyadmin/phpmyadmin.css.php?nocache=6183260960ltr&server=1","HTTP/1.1""","200","20760"
"::1","-","-","[02/Feb/2019:12:09:40","+0530]","""POST","/phpmyadmin/ajax.php","HTTP/1.1""","200","1396"
"::1","-","-","[02/Feb/2019:12:09:40","+0530]","""POST","/phpmyadmin/navigation.php?ajax_request=1","HTTP/1.1""","200","2440"
"::1","-","-","[02/Feb/2019:12:09:40","+0530]","""POST","/phpmyadmin/ajax.php","HTTP/1.1""","200","1491"
"::1","-","-","[02/Feb/2019:12:09:41","+0530]","""POST","/phpmyadmin/ajax.php","HTTP/1.1""","200","1388"
"::1","-","-","[02/Feb/2019:12:09:47","+0530]","""GET","/phpmyadmin/tbl_create.php?server=1&db=test&ajax_request=true&ajax_page_request=true&_nocache=1549089587558276975&token=%2C%40%26%40Ot%2Ck%24K%22%2F(%25%3D%60","HTTP/1.1""","200","23564"
"::1","-","-","[02/Feb/2019:12:09:52","+0530]","""GET","/phpmyadmin/sql.php?server=1&db=test&table=table+5&pos=0&ajax_request=true&ajax_page_request=true&_nocache=1549089592945179517&token=%2C%40%26%40Ot%2Ck%24K%22%2F(%25%3D%60","HTTP/1.1""","200","7850"
"::1","-","-","[02/Feb/2019:12:09:54","+0530]","""GET","/phpmyadmin/index.php?ajax_request=1&recent_table=1&no_debug=true&_nocache=1549089594128911952&token=%2C%40%26%40Ot%2Ck%24K%22%2F(%25%3D%60","HTTP/1.1""","200","1458"
"::1","-","-","[02/Feb/2019:12:09:55","+0530]","""GET","/phpmyadmin/sql.php?server=1&db=test&table=table+4&pos=0&ajax_request=true&ajax_page_request=true&_nocache=1549089595193270591&token=%2C%40%26%40Ot%2Ck%24K%22%2F(%25%3D%60","HTTP/1.1""","200","8289"
"::1","-","-","[02/Feb/2019:12:09:56","+0530]","""GET","/phpmyadmin/index.php?ajax_request=1&recent_table=1&no_debug=true&_nocache=1549089596502341264&token=%2C%40%26%40Ot%2Ck%24K%22%2F(%25%3D%60","HTTP/1.1""","200","1466"
"::1","-","-","[02/Feb/2019:12:10:12","+0530]","""GET","/phpmyadmin/sql.php?server=1&db=test&table=table+5&pos=0&ajax_request=true&ajax_page_request=true&_nocache=1549089612433240545&token=%2C%40%26%40Ot%2Ck%24K%22%2F(%25%3D%60","HTTP/1.1""","200","7847"
"::1","-","-","[02/Feb/2019:12:10:13","+0530]","""GET","/phpmyadmin/index.php?ajax_request=1&recent_table=1&no_debug=true&_nocache=1549089613517246327&token=%2C%40%26%40Ot%2Ck%24K%22%2F(%25%3D%60","HTTP/1.1""","200","1466"
"::1","-","-","[02/Feb/2019:12:10:24","+0530]","""GET","/phpmyadmin/server_databases.php?server=1&ajax_request=true&ajax_page_request=true&_nocache=154908962499191844&token=%2C%40%26%40Ot%2Ck%24K%22%2F(%25%3D%60","HTTP/1.1""","200","6120"
"::1","-","-","[02/Feb/2019:12:10:27","+0530]","""GET","/phpmyadmin/themes/pmahomme/img/s_unlink.png","HTTP/1.1""","200","589"
"::1","-","-","[02/Feb/2019:12:10:51","+0530]","""POST","/phpmyadmin/server_databases.php","HTTP/1.1""","200","1744"
"::1","-","-","[02/Feb/2019:12:10:51","+0530]","""POST","/phpmyadmin/navigation.php?ajax_request=1","HTTP/1.1""","200","2497"
"::1","-","-","[02/Feb/2019:12:10:51","+0530]","""GET","/phpmyadmin/db_structure.php?db=Pikachu&ajax_request=true&ajax_page_request=true&_nocache=1549089651540545383&token=%2C%40%26%40Ot%2Ck%24K%22%2F(%25%3D%60","HTTP/1.1""","200","2734"
"::1","-","-","[02/Feb/2019:12:10:55","+0530]","""GET","/phpmyadmin/db_import.php?db=Pik""::1"",""-"",""-"",""[02/Feb/2019:11:34:16"",""+0530]"",""\"GET"",""/phpmyadmin/phpmyadmin.css.php?nocache=4634171511ltr&server=1"",""HTTP/1.1\""",""200"",""20760""",,,
"""::1"",""-"",""-"",""[02/Feb/2019:11:34:16"",""+0530]"",""""""GET"",""/phpmyadmin/js/whitelist.php?v=4.8.4"",""HTTP/1.1"""""",""200"",""57""",,,,,,,,,
"""::1"",""-"",""-"",""[02/Feb/2019:11:34:23"",""+0530]"",""""""GET"",""/phpmyadmin/js/cross_framing_protection.js?v=4.8.4"",""HTTP/1.1"""""",""200"",""471""",,,,,,,,,
"""::1"",""-"",""-"",""[02/Feb/2019:11:34:23"",""+0530]"",""""""GET"",""/phpmyadmin/js/messages.php?l=en&v=4.8.4"",""HTTP/1.1"""""",""200"",""8822""",,,,,,,,,
"""::1"",""-"",""-"",""[02/Feb/2019:11:34:26"",""+0530]"",""""""GET"",""/phpmyadmin/themes/dot.gif"",""HTTP/1.1"""""",""200"",""43""",,,,,,,,,
"""::1"",""-"",""-"",""[02/Feb/2019:11:34:28"",""+0530]"",""""""GET"",""/phpmyadmin/themes/pmahomme/img/b_help.png"",""HTTP/1.1"""""",""200"",""705""",,,,,,,,,
"""::1"",""-"",""-"",""[02/Feb/2019:11:35:00"",""+0530]"",""""""POST"",""/phpmyadmin/index.php"",""HTTP/1.1"""""",""200"",""3583""",,,,,,,,,
"""::1"",""-"",""-"",""[02/Feb/2019:11:35:03"",""+0530]"",""""""GET"",""/phpmyadmin/themes/pmahomme/img/s_error.png"",""HTTP/1.1"""""",""200"",""614""",,,,,,,,,
"""::1"",""-"",""-"",""[02/Feb/2019:11:35:06"",""+0530]"",""""""POST"",""/phpmyadmin/index.php"",""HTTP/1.1"""""",""200"",""3579""",,,,,,,,,
"""::1"",""-"",""-"",""[02/Feb/2019:11:35:30"",""+0530]"",""""""POST"",""/phpmyadmin/index.php"",""HTTP/1.1"""""",""200"",""3580""",,,,,,,,,
"""::1"",""-"",""-"",""[02/Feb/2019:11:35:35"",""+0530]"",""""""POST"",""/phpmyadmin/index.php"",""HTTP/1.1"""""",""200"",""3588""",,,,,,,,,
"""::1"",""-"",""-"",""[02/Feb/2019:11:36:05"",""+0530]"",""""""POST"",""/phpmyadmin/index.php"",""HTTP/1.1"""""",""200"",""3586""",,,,,,,,,
"""::1"",""-"",""-"",""[02/Feb/2019:11:38:08"",""+0530]"",""""""GET"",""/phpmyadmin/"",""HTTP/1.1"""""",""200"",""3472""",,,,,,,,,
"""::1"",""-"",""-"",""[02/Feb/2019:11:38:14"",""+0530]"",""""""POST"",""/phpmyadmin/index.php"",""HTTP/1.1"""""",""302"",""25""",,,,,,,,,
"""::1"",""-"",""-"",""[02/Feb/2019:11:38:15"",""+0530]"",""""""GET"",""/phpmyadmin/index.php"",""HTTP/1.1"""""",""200"",""12947""",,,,,,,,,
"""::1"",""-"",""-"",""[02/Feb/2019:11:38:23"",""+0530]"",""""""GET"",""/phpmyadmin/themes/pmahomme/img/logo_left.png"",""HTTP/1.1"""""",""200"",""2713""",,,,,,,,,
"""::1"",""-"",""-"",""[02/Feb/2019:11:38:22"",""+0530]"",""""""GET"",""/phpmyadmin/phpmyadmin.css.php?nocache=6183259207ltr&server=1"",""HTTP/1.1"""""",""200"",""20760""",,,,,,,,,
"""::1"",""-"",""-"",""[02/Feb/2019:11:38:23"",""+0530]"",""""""GET"",""/phpmyadmin/themes/pmahomme/img/left_nav_bg.png"",""HTTP/1.1"""""",""200"",""146""",,,,,,,,,
"""::1"",""-"",""-"",""[02/Feb/2019:11:38:23"",""+0530]"",""""""GET"",""/phpmyadmin/themes/pmahomme/img/b_home.png"",""HTTP/1.1"""""",""200"",""734""",,,,,,,,,
"""::1"",""-"",""-"",""[02/Feb/2019:11:38:23"",""+0530]"",""""""GET"",""/phpmyadmin/themes/pmahomme/img/s_loggoff.png"",""HTTP/1.1"""""",""200"",""626""",,,,,,,,,
"""::1"",""-"",""-"",""[02/Feb/2019:11:38:23"",""+0530]"",""""""GET"",""/phpmyadmin/themes/pmahomme/img/b_sqlhelp.png"",""HTTP/1.1"""""",""200"",""512""",,,,,,,,,
"""::1"",""-"",""-"",""[02/Feb/2019:11:38:23"",""+0530]"",""""""GET"",""/phpmyadmin/themes/pmahomme/img/b_docs.png"",""HTTP/1.1"""""",""200"",""705""",,,,,,,,,
"""::1"",""-"",""-"",""[02/Feb/2019:11:38:23"",""+0530]"",""""""GET"",""/phpmyadmin/themes/pmahomme/img/s_reload.png"",""HTTP/1.1"""""",""200"",""527""",,,,,,,,,
"""::1"",""-"",""-"",""[02/Feb/2019:11:38:23"",""+0530]"",""""""GET"",""/phpmyadmin/themes/pmahomme/img/s_cog.png"",""HTTP/1.1"""""",""200"",""442""",,,,,,,,,
"""::1"",""-"",""-"",""[02/Feb/2019:11:38:24"",""+0530]"",""""""GET"",""/phpmyadmin/themes/pmahomme/img/ajax_clock_small.gif"",""HTTP/1.1"""""",""200"",""1810""",,,,,,,,,
"""::1"",""-"",""-"",""[02/Feb/2019:11:38:24"",""+0530]"",""""""GET"",""/phpmyadmin/themes/pmahomme/img/s_link.png"",""HTTP/1.1"""""",""200"",""280""",,,,,,,,,
"""::1"",""-"",""-"",""[02/Feb/2019:11:38:24"",""+0530]"",""""""GET"",""/phpmyadmin/themes/pmahomme/img/b_newdb.png"",""HTTP/1.1"""""",""200"",""585""",,,,,,,,,
"""::1"",""-"",""-"",""[02/Feb/2019:11:38:24"",""+0530]"",""""""GET"",""/phpmyadmin/themes/pmahomme/img/b_plus.png"",""HTTP/1.1"""""",""200"",""143""",,,,,,,,,
"""::1"",""-"",""-"",""[02/Feb/2019:11:38:24"",""+0530]"",""""""GET"",""/phpmyadmin/themes/pmahomme/img/s_db.png"",""HTTP/1.1"""""",""200"",""328""",,,,,,,,,
"""::1"",""-"",""-"",""[02/Feb/2019:11:38:24"",""+0530]"",""""""GET"",""/phpmyadmin/themes/pmahomme/img/s_status.png"",""HTTP/1.1"""""",""200"",""600""",,,,,,,,,
"""::1"",""-"",""-"",""[02/Feb/2019:11:38:24"",""+0530]"",""""""GET"",""/phpmyadmin/themes/pmahomme/img/s_host.png"",""HTTP/1.1"""""",""200"",""591""",,,,,,,,,
"""::1"",""-"",""-"",""[02/Feb/2019:11:38:24"",""+0530]"",""""""GET"",""/phpmyadmin/themes/pmahomme/img/s_rights.png"",""HTTP/1.1"""""",""200"",""461""",,,,,,,,,
"""::1"",""-"",""-"",""[02/Feb/2019:11:38:24"",""+0530]"",""""""GET"",""/phpmyadmin/themes/pmahomme/img/b_sql.png"",""HTTP/1.1"""""",""200"",""680""",,,,,,,,,
"""::1"",""-"",""-"",""[02/Feb/2019:11:38:24"",""+0530]"",""""""GET"",""/phpmyadmin/themes/pmahomme/img/b_export.png"",""HTTP/1.1"""""",""200"",""514""",,,,,,,,,
"""::1"",""-"",""-"",""[02/Feb/2019:11:38:24"",""+0530]"",""""""GET"",""/phpmyadmin/themes/pmahomme/img/b_import.png"",""HTTP/1.1"""""",""200"",""556""",,,,,,,,,
"""::1"",""-"",""-"",""[02/Feb/2019:11:38:24"",""+0530]"",""""""GET"",""/phpmyadmin/themes/pmahomme/img/b_tblops.png"",""HTTP/1.1"""""",""200"",""537""",,,,,,,,,
"""::1"",""-"",""-"",""[02/Feb/2019:11:38:24"",""+0530]"",""""""GET"",""/phpmyadmin/themes/pmahomme/img/s_vars.png"",""HTTP/1.1"""""",""200"",""523""",,,,,,,,,
"""::1"",""-"",""-"",""[02/Feb/2019:11:38:24"",""+0530]"",""""""GET"",""/phpmyadmin/themes/pmahomme/img/s_replication.png"",""HTTP/1.1"""""",""200"",""399""",,,,,,,,,
"""::1"",""-"",""-"",""[02/Feb/2019:11:38:24"",""+0530]"",""""""GET"",""/phpmyadmin/themes/pmahomme/img/b_engine.png"",""HTTP/1.1"""""",""200"",""398""",,,,,,,,,
"""::1"",""-"",""-"",""[02/Feb/2019:11:38:24"",""+0530]"",""""""GET"",""/phpmyadmin/themes/pmahomme/img/b_plugin.png"",""HTTP/1.1"""""",""200"",""512""",,,,,,,,,
"""::1"",""-"",""-"",""[02/Feb/2019:11:38:24"",""+0530]"",""""""GET"",""/phpmyadmin/themes/pmahomme/img/s_asci.png"",""HTTP/1.1"""""",""200"",""148""",,,,,,,,,
"""::1"",""-"",""-"",""[02/Feb/2019:11:38:24"",""+0530]"",""""""GET"",""/phpmyadmin/themes/pmahomme/img/s_top.png"",""HTTP/1.1"""""",""200"",""220""",,,,,,,,,
"""::1"",""-"",""-"",""[02/Feb/2019:11:38:24"",""+0530]"",""""""GET"",""/phpmyadmin/themes/pmahomme/img/s_theme.png"",""HTTP/1.1"""""",""200"",""772""",,,,,,,,,
"""::1"",""-"",""-"",""[02/Feb/2019:11:38:24"",""+0530]"",""""""GET"",""/phpmyadmin/themes/pmahomme/img/window-new.png"",""HTTP/1.1"""""",""200"",""468""",,,,,,,,,
"""::1"",""-"",""-"",""[02/Feb/2019:11:38:24"",""+0530]"",""""""GET"",""/phpmyadmin/themes/pmahomme/img/console.png"",""HTTP/1.1"""""",""200"",""292""",,,,,,,,,
"""::1"",""-"",""-"",""[02/Feb/2019:11:38:24"",""+0530]"",""""""GET"",""/phpmyadmin/themes/pmahomme/img/s_passwd.png"",""HTTP/1.1"""""",""200"",""331""",,,,,,,,,
"""::1"",""-"",""-"",""[02/Feb/2019:11:38:24"",""+0530]"",""""""GET"",""/phpmyadmin/themes/pmahomme/img/s_lang.png"",""HTTP/1.1"""""",""200"",""659""",,,,,,,,,
"""::1"",""-"",""-"",""[02/Feb/2019:11:38:24"",""+0530]"",""""""POST"",""/phpmyadmin/ajax.php"",""HTTP/1.1"""""",""200"",""1395""",,,,,,,,,
"""::1"",""-"",""-"",""[02/Feb/2019:11:38:25"",""+0530]"",""""""GET"",""/phpmyadmin/themes/pmahomme/img/b_more.png"",""HTTP/1.1"""""",""200"",""111""",,,,,,,,,
"""::1"",""-"",""-"",""[02/Feb/2019:11:38:25"",""+0530]"",""""""POST"",""/phpmyadmin/ajax.php"",""HTTP/1.1"""""",""200"",""1488""",,,,,,,,,
"""::1"",""-"",""-"",""[02/Feb/2019:11:38:25"",""+0530]"",""""""POST"",""/phpmyadmin/navigation.php?ajax_request=1"",""HTTP/1.1"""""",""200"",""2068""",,,,,,,,,
"""::1"",""-"",""-"",""[02/Feb/2019:11:38:26"",""+0530]"",""""""POST"",""/phpmyadmin/ajax.php"",""HTTP/1.1"""""",""200"",""1386""",,,,,,,,,
"""::1"",""-"",""-"",""[02/Feb/2019:11:38:26"",""+0530]"",""""""POST"",""/phpmyadmin/version_check.php"",""HTTP/1.1"""""",""200"",""28""",,,,,,,,,
"""::1"",""-"",""-"",""[02/Feb/2019:11:41:19"",""+0530]"",""""""GET"",""/phpmyadmin/"",""HTTP/1.1"""""",""200"",""12947""",,,,,,,,,
"""::1"",""-"",""-"",""[02/Feb/2019:11:41:21"",""+0530]"",""""""GET"",""/phpmyadmin/phpmyadmin.css.php?nocache=6183259217ltr&server=1"",""HTTP/1.1"""""",""200"",""20760""",,,,,,,,,
"""::1"",""-"",""-"",""[02/Feb/2019:11:41:23"",""+0530]"",""""""POST"",""/phpmyadmin/ajax.php"",""HTTP/1.1"""""",""200"",""1395""",,,,,,,,,
"""::1"",""-"",""-"",""[02/Feb/2019:11:41:23"",""+0530]"",""""""POST"",""/phpmyadmin/navigation.php?ajax_request=1"",""HTTP/1.1"""""",""200"",""2068""",,,,,,,,,
"""::1"",""-"",""-"",""[02/Feb/2019:11:41:23"",""+0530]"",""""""POST"",""/phpmyadmin/ajax.php"",""HTTP/1.1"""""",""200"",""1491""",,,,,,,,,
"""::1"",""-"",""-"",""[02/Feb/2019:11:41:23"",""+0530]"",""""""POST"",""/phpmyadmin/ajax.php"",""HTTP/1.1"""""",""200"",""1386""",,,,,,,,,
"""::1"",""-"",""-"",""[02/Feb/2019:11:41:24"",""+0530]"",""""""POST"",""/phpmyadmin/version_check.php"",""HTTP/1.1"""""",""200"",""28""",,,,,,,,,
"""::1"",""-"",""-"",""[02/Feb/2019:11:41:27"",""+0530]"",""""""GET"",""/phpmyadmin/db_structure.php?server=1&db=test&ajax_request=true&ajax_page_request=true&_nocache=1549087887959794350&token=%2C%40%26%40Ot%2Ck%24K%22%2F(%25%3D%60"",""HTTP/1.1"""""",""200"",""5256""",,,,,,,,,
"""::1"",""-"",""-"",""[02/Feb/2019:11:41:30"",""+0530]"",""""""GET"",""/phpmyadmin/themes/pmahomme/img/b_search.png"",""HTTP/1.1"""""",""200"",""538""",,,,,,,,,
"""::1"",""-"",""-"",""[02/Feb/2019:11:41:30"",""+0530]"",""""""GET"",""/phpmyadmin/themes/pmahomme/img/b_props.png"",""HTTP/1.1"""""",""200"",""573""",,,,,,,,,
"""::1"",""-"",""-"",""[02/Feb/2019:11:41:30"",""+0530]"",""""""GET"",""/phpmyadmin/themes/pmahomme/img/b_events.png"",""HTTP/1.1"""""",""200"",""703""",,,,,,,,,
"""::1"",""-"",""-"",""[02/Feb/2019:11:41:30"",""+0530]"",""""""GET"",""/phpmyadmin/themes/pmahomme/img/b_routines.png"",""HTTP/1.1"""""",""200"",""306""",,,,,,,,,
"""::1"",""-"",""-"",""[02/Feb/2019:11:41:30"",""+0530]"",""""""GET"",""/phpmyadmin/themes/pmahomme/img/b_relations.png"",""HTTP/1.1"""""",""200"",""140""",,,,,,,,,
"""::1"",""-"",""-"",""[02/Feb/2019:11:41:30"",""+0530]"",""""""GET"",""/phpmyadmin/themes/pmahomme/img/b_triggers.png"",""HTTP/1.1"""""",""200"",""446""",,,,,,,,,
"""::1"",""-"",""-"",""[02/Feb/2019:11:41:31"",""+0530]"",""""""GET"",""/phpmyadmin/themes/pmahomme/img/b_no_favorite.png"",""HTTP/1.1"""""",""200"",""377""",,,,,,,,,
"""::1"",""-"",""-"",""[02/Feb/2019:11:41:31"",""+0530]"",""""""GET"",""/phpmyadmin/themes/pmahomme/img/s_asc.png"",""HTTP/1.1"""""",""200"",""146""",,,,,,,,,
"""::1"",""-"",""-"",""[02/Feb/2019:11:41:31"",""+0530]"",""""""GET"",""/phpmyadmin/themes/pmahomme/img/s_desc.png"",""HTTP/1.1"""""",""200"",""146""",,,,,,,,,
"""::1"",""-"",""-"",""[02/Feb/2019:11:41:31"",""+0530]"",""""""GET"",""/phpmyadmin/themes/pmahomme/img/b_insrow.png"",""HTTP/1.1"""""",""200"",""157""",,,,,,,,,
"""::1"",""-"",""-"",""[02/Feb/2019:11:41:31"",""+0530]"",""""""GET"",""/phpmyadmin/themes/pmahomme/img/b_browse.png"",""HTTP/1.1"""""",""200"",""486""",,,,,,,,,
"""::1"",""-"",""-"",""[02/Feb/2019:11:41:31"",""+0530]"",""""""GET"",""/phpmyadmin/themes/pmahomme/img/b_empty.png"",""HTTP/1.1"""""",""200"",""521""",,,,,,,,,
"""::1"",""-"",""-"",""[02/Feb/2019:11:41:31"",""+0530]"",""""""GET"",""/phpmyadmin/themes/pmahomme/img/b_select.png"",""HTTP/1.1"""""",""200"",""593""",,,,,,,,,
"""::1"",""-"",""-"",""[02/Feb/2019:11:41:31"",""+0530]"",""""""GET"",""/phpmyadmin/themes/pmahomme/img/b_print.png"",""HTTP/1.1"""""",""200"",""639""",,,,,,,,,
"""::1"",""-"",""-"",""[02/Feb/2019:11:41:31"",""+0530]"",""""""GET"",""/phpmyadmin/themes/pmahomme/img/b_tblanalyse.png"",""HTTP/1.1"""""",""200"",""152""",,,,,,,,,
"""::1"",""-"",""-"",""[02/Feb/2019:11:41:31"",""+0530]"",""""""GET"",""/phpmyadmin/themes/pmahomme/img/b_drop.png"",""HTTP/1.1"""""",""200"",""637""",,,,,,,,,
"""::1"",""-"",""-"",""[02/Feb/2019:11:41:31"",""+0530]"",""""""GET"",""/phpmyadmin/themes/pmahomme/img/b_table_add.png"",""HTTP/1.1"""""",""200"",""571""",,,,,,,,,
"""::1"",""-"",""-"",""[02/Feb/2019:11:41:31"",""+0530]"",""""""GET"",""/phpmyadmin/themes/pmahomme/img/arrow_ltr.png"",""HTTP/1.1"""""",""200"",""101""",,,,,,,,,
"""::1"",""-"",""-"",""[02/Feb/2019:11:41:30"",""+0530]"",""""""GET"",""/phpmyadmin/navigation.php?ajax_request=1&aPath=cm9vdA%3D%3D.dGVzdA%3D%3D&vPath=cm9vdA%3D%3D.dGVzdA%3D%3D&pos=0&pos2_name=&pos2_value=&searchClause=&searchClause2=&_nocache=1549087890987306194&token=%2C%40%26%40Ot%2Ck%24K%22%2F(%25%3D%60"",""HTTP/1.1"""""",""200"",""1833""",,,,,,,,,
"""::1"",""-"",""-"",""[02/Feb/2019:11:41:32"",""+0530]"",""""""GET"",""/phpmyadmin/themes/pmahomme/img/b_minus.png"",""HTTP/1.1"""""",""200"",""123""",,,,,,,,,
"""::1"",""-"",""-"",""[02/Feb/2019:11:41:33"",""+0530]"",""""""GET"",""/phpmyadmin/sql.php?db=test&table=firewall&pos=0&ajax_request=true&ajax_page_request=true&_nocache=1549087893698586762&token=%2C%40%26%40Ot%2Ck%24K%22%2F(%25%3D%60"",""HTTP/1.1"""""",""200"",""8193""",,,,,,,,,
"""::1"",""-"",""-"",""[02/Feb/2019:11:41:38"",""+0530]"",""""""GET"",""/phpmyadmin/themes/pmahomme/img/s_tbl.png"",""HTTP/1.1"""""",""200"",""645""",,,,,,,,,
"""::1"",""-"",""-"",""[02/Feb/2019:11:41:38"",""+0530]"",""""""GET"",""/phpmyadmin/themes/pmahomme/img/b_tblexport.png"",""HTTP/1.1"""""",""200"",""514""",,,,,,,,,
"""::1"",""-"",""-"",""[02/Feb/2019:11:41:38"",""+0530]"",""""""GET"",""/phpmyadmin/themes/pmahomme/img/b_tblimport.png"",""HTTP/1.1"""""",""200"",""556""",,,,,,,,,
"""::1"",""-"",""-"",""[02/Feb/2019:11:41:38"",""+0530]"",""""""GET"",""/phpmyadmin/themes/pmahomme/img/s_success.png"",""HTTP/1.1"""""",""200"",""465""",,,,,,,,,
"""::1"",""-"",""-"",""[02/Feb/2019:11:41:38"",""+0530]"",""""""GET"",""/phpmyadmin/themes/pmahomme/img/s_notice.png"",""HTTP/1.1"""""",""200"",""567""",,,,,,,,,
"""::1"",""-"",""-"",""[02/Feb/2019:11:41:38"",""+0530]"",""""""GET"",""/phpmyadmin/themes/pmahomme/img/b_chart.png"",""HTTP/1.1"""""",""200"",""449""",,,,,,,,,
"""::1"",""-"",""-"",""[02/Feb/2019:11:41:38"",""+0530]"",""""""GET"",""/phpmyadmin/themes/pmahomme/img/b_view_add.png"",""HTTP/1.1"""""",""200"",""678""",,,,,,,,,
"""::1"",""-"",""-"",""[02/Feb/2019:11:41:39"",""+0530]"",""""""GET"",""/phpmyadmin/index.php?ajax_request=1&recent_table=1&no_debug=true&_nocache=1549087899181959100&token=%2C%40%26%40Ot%2Ck%24K%22%2F(%25%3D%60"",""HTTP/1.1"""""",""200"",""1443""",,,,,,,,,
"""::1"",""-"",""-"",""[02/Feb/2019:11:41:40"",""+0530]"",""""""GET"",""/phpmyadmin/themes/pmahomme/img/col_pointer.png"",""HTTP/1.1"""""",""200"",""102""",,,,,,,,,
"""::1"",""-"",""-"",""[02/Feb/2019:11:41:45"",""+0530]"",""""""POST"",""/phpmyadmin/ajax.php"",""HTTP/1.1"""""",""200"",""1388""",,,,,,,,,
"""::1"",""-"",""-"",""[02/Feb/2019:11:41:48"",""+0530]"",""""""POST"",""/phpmyadmin/lint.php"",""HTTP/1.1"""""",""200"",""28""",,,,,,,,,
"""::1"",""-"",""-"",""[02/Feb/2019:11:41:49"",""+0530]"",""""""POST"",""/phpmyadmin/db_sql_autocomplete.php"",""HTTP/1.1"""""",""200"",""1972""",,,,,,,,,
"""::1"",""-"",""-"",""[02/Feb/2019:11:41:49"",""+0530]"",""""""POST"",""/phpmyadmin/lint.php"",""HTTP/1.1"""""",""200"",""28""",,,,,,,,,
"""::1"",""-"",""-"",""[02/Feb/2019:11:41:50"",""+0530]"",""""""POST"",""/phpmyadmin/lint.php"",""HTTP/1.1"""""",""200"",""28""",,,,,,,,,
"""::1"",""-"",""-"",""[02/Feb/2019:11:41:51"",""+0530]"",""""""POST"",""/phpmyadmin/lint.php"",""HTTP/1.1"""""",""200"",""28""",,,,,,,,,
"""::1"",""-"",""-"",""[02/Feb/2019:11:41:53"",""+0530]"",""""""POST"",""/phpmyadmin/lint.php"",""HTTP/1.1"""""",""200"",""28""",,,,,,,,,
"""::1"",""-"",""-"",""[02/Feb/2019:11:41:54"",""+0530]"",""""""POST"",""/phpmyadmin/lint.php"",""HTTP/1.1"""""",""200"",""28""",,,,,,,,,
"""::1"",""-"",""-"",""[02/Feb/2019:11:41:55"",""+0530]"",""""""POST"",""/phpmyadmin/lint.php"",""HTTP/1.1"""""",""200"",""141""",,,,,,,,,
"""::1"",""-"",""-"",""[02/Feb/2019:11:41:56"",""+0530]"",""""""POST"",""/phpmyadmin/lint.php"",""HTTP/1.1"""""",""200"",""141""",,,,,,,,,
"""::1"",""-"",""-"",""[02/Feb/2019:11:41:57"",""+0530]"",""""""POST"",""/phpmyadmin/lint.php"",""HTTP/1.1"""""",""200"",""141""",,,,,,,,,
"""::1"",""-"",""-"",""[02/Feb/2019:11:41:58"",""+0530]"",""""""POST"",""/phpmyadmin/lint.php"",""HTTP/1.1"""""",""200"",""141""",,,,,,,,,
"""::1"",""-"",""-"",""[02/Feb/2019:11:41:59"",""+0530]"",""""""POST"",""/phpmyadmin/lint.php"",""HTTP/1.1"""""",""200"",""28""",,,,,,,,,
"""::1"",""-"",""-"",""[02/Feb/2019:11:42:01"",""+0530]"",""""""POST"",""/phpmyadmin/navigation.php?ajax_request=1"",""HTTP/1.1"""""",""200"",""2416""",,,,,,,,,
"""::1"",""-"",""-"",""[02/Feb/2019:11:42:01"",""+0530]"",""""""POST"",""/phpmyadmin/import.php"",""HTTP/1.1"""""",""200"",""5424""",,,,,,,,,
"""::1"",""-"",""-"",""[02/Feb/2019:11:42:04"",""+0530]"",""""""GET"",""/phpmyadmin/index.php?ajax_request=1&recent_table=1&no_debug=true&_nocache=1549087924133643657&token=%2C%40%26%40Ot%2Ck%24K%22%2F(%25%3D%60"",""HTTP/1.1"""""",""200"",""1443""",,,,,,,,,
"""::1"",""-"",""-"",""[02/Feb/2019:11:53:43"",""+0530]"",""""""POST"",""/phpmyadmin/lint.php"",""HTTP/1.1"""""",""200"",""28""",,,,,,,,,
"""::1"",""-"",""-"",""[02/Feb/2019:11:53:45"",""+0530]"",""""""POST"",""/phpmyadmin/lint.php"",""HTTP/1.1"""""",""200"",""28""",,,,,,,,,
"""::1"",""-"",""-"",""[02/Feb/2019:11:53:47"",""+0530]"",""""""POST"",""/phpmyadmin/lint.php"",""HTTP/1.1"""""",""200"",""28""",,,,,,,,,
"""::1"",""-"",""-"",""[02/Feb/2019:11:53:48"",""+0530]"",""""""POST"",""/phpmyadmin/navigation.php?ajax_request=1"",""HTTP/1.1"""""",""200"",""2416""",,,,,,,,,
"""::1"",""-"",""-"",""[02/Feb/2019:11:53:48"",""+0530]"",""""""POST"",""/phpmyadmin/import.php"",""HTTP/1.1"""""",""200"",""5420""",,,,,,,,,
"""::1"",""-"",""-"",""[02/Feb/2019:11:53:50"",""+0530]"",""""""GET"",""/phpmyadmin/index.php?ajax_request=1&recent_table=1&no_debug=true&_nocache=154908863004249616&token=%2C%40%26%40Ot%2Ck%24K%22%2F(%25%3D%60"",""HTTP/1.1"""""",""200"",""1443""",,,,,,,,,
"""::1"",""-"",""-"",""[02/Feb/2019:11:59:05"",""+0530]"",""""""POST"",""/phpmyadmin/db_sql_autocomplete.php"",""HTTP/1.1"""""",""200"",""1972""",,,,,,,,,
"""::1"",""-"",""-"",""[02/Feb/2019:11:59:07"",""+0530]"",""""""POST"",""/phpmyadmin/lint.php"",""HTTP/1.1"""""",""200"",""130""",,,,,,,,,
"""::1"",""-"",""-"",""[02/Feb/2019:11:59:20"",""+0530]"",""""""POST"",""/phpmyadmin/lint.php"",""HTTP/1.1"""""",""200"",""130""",,,,,,,,,
"""::1"",""-"",""-"",""[02/Feb/2019:11:59:21"",""+0530]"",""""""POST"",""/phpmyadmin/lint.php"",""HTTP/1.1"""""",""200"",""28""",,,,,,,,,
"""::1"",""-"",""-"",""[02/Feb/2019:11:59:23"",""+0530]"",""""""POST"",""/phpmyadmin/lint.php"",""HTTP/1.1"""""",""200"",""28""",,,,,,,,,
"""::1"",""-"",""-"",""[02/Feb/2019:11:59:24"",""+0530]"",""""""POST"",""/phpmyadmin/lint.php"",""HTTP/1.1"""""",""200"",""28""",,,,,,,,,
"""::1"",""-"",""-"",""[02/Feb/2019:11:59:24"",""+0530]"",""""""POST"",""/phpmyadmin/lint.php"",""HTTP/1.1"""""",""200"",""28""",,,,,,,,,
"""::1"",""-"",""-"",""[02/Feb/2019:11:59:26"",""+0530]"",""""""POST"",""/phpmyadmin/lint.php"",""HTTP/1.1"""""",""200"",""28""",,,,,,,,,
"""::1"",""-"",""-"",""[02/Feb/2019:11:59:27"",""+0530]"",""""""POST"",""/phpmyadmin/lint.php"",""HTTP/1.1"""""",""200"",""138""",,,,,,,,,
"""::1"",""-"",""-"",""[02/Feb/2019:11:59:29"",""+0530]"",""""""POST"",""/phpmyadmin/lint.php"",""HTTP/1.1"""""",""200"",""138""",,,,,,,,,
"""::1"",""-"",""-"",""[02/Feb/2019:11:59:30"",""+0530]"",""""""POST"",""/phpmyadmin/lint.php"",""HTTP/1.1"""""",""200"",""28""",,,,,,,,,
"""::1"",""-"",""-"",""[02/Feb/2019:11:59:33"",""+0530]"",""""""POST"",""/phpmyadmin/lint.php"",""HTTP/1.1"""""",""200"",""28""",,,,,,,,,
"""::1"",""-"",""-"",""[02/Feb/2019:11:59:34"",""+0530]"",""""""POST"",""/phpmyadmin/lint.php"",""HTTP/1.1"""""",""200"",""28""",,,,,,,,,
"""::1"",""-"",""-"",""[02/Feb/2019:11:59:35"",""+0530]"",""""""POST"",""/phpmyadmin/lint.php"",""HTTP/1.1"""""",""200"",""141""",,,,,,,,,
"""::1"",""-"",""-"",""[02/Feb/2019:11:59:36"",""+0530]"",""""""POST"",""/phpmyadmin/lint.php"",""HTTP/1.1"""""",""200"",""141""",,,,,,,,,
"""::1"",""-"",""-"",""[02/Feb/2019:11:59:37"",""+0530]"",""""""POST"",""/phpmyadmin/lint.php"",""HTTP/1.1"""""",""200"",""28""",,,,,,,,,
"""::1"",""-"",""-"",""[02/Feb/2019:11:59:37"",""+0530]"",""""""POST"",""/phpmyadmin/navigation.php?ajax_request=1"",""HTTP/1.1"""""",""200"",""2416""",,,,,,,,,
"""::1"",""-"",""-"",""[02/Feb/2019:11:59:37"",""+0530]"",""""""POST"",""/phpmyadmin/import.php"",""HTTP/1.1"""""",""200"",""5364""",,,,,,,,,
"""::1"",""-"",""-"",""[02/Feb/2019:11:59:39"",""+0530]"",""""""GET"",""/phpmyadmin/index.php?ajax_request=1&recent_table=1&no_debug=true&_nocache=1549088979206864222&token=%2C%40%26%40Ot%2Ck%24K%22%2F(%25%3D%60"",""HTTP/1.1"""""",""200"",""1443""",,,,,,,,,
"""::1"",""-"",""-"",""[02/Feb/2019:12:01:08"",""+0530]"",""""""GET"",""/phpmyadmin/server_databases.php?server=1&ajax_request=true&ajax_page_request=true&_nocache=1549089068042700114&token=%2C%40%26%40Ot%2Ck%24K%22%2F(%25%3D%60"",""HTTP/1.1"""""",""200"",""6120""",,,,,,,,,
"""::1"",""-"",""-"",""[02/Feb/2019:12:01:09"",""+0530]"",""""""GET"",""/phpmyadmin/themes/pmahomme/img/b_deltbl.png"",""HTTP/1.1"""""",""200"",""577""",,,,,,,,,
"""::1"",""-"",""-"",""[02/Feb/2019:12:01:09"",""+0530]"",""""""GET"",""/phpmyadmin/js/server_databases.js?v=4.8.4"",""HTTP/1.1"""""",""200"",""5692""",,,,,,,,,
"""::1"",""-"",""-"",""[02/Feb/2019:12:01:22"",""+0530]"",""""""GET"",""/phpmyadmin/tbl_create.php?server=1&db=test&ajax_request=true&ajax_page_request=true&_nocache=1549089082087403424&token=%2C%40%26%40Ot%2Ck%24K%22%2F(%25%3D%60"",""HTTP/1.1"""""",""200"",""23564""",,,,,,,,,
"""::1"",""-"",""-"",""[02/Feb/2019:12:02:21"",""+0530]"",""""""POST"",""/phpmyadmin/index.php"",""HTTP/1.1"""""",""200"",""1387""",,,,,,,,,
"""::1"",""-"",""-"",""[02/Feb/2019:12:02:39"",""+0530]"",""""""POST"",""/phpmyadmin/index.php"",""HTTP/1.1"""""",""200"",""1387""",,,,,,,,,
"""::1"",""-"",""-"",""[02/Feb/2019:12:02:41"",""+0530]"",""""""POST"",""/phpmyadmin/index.php"",""HTTP/1.1"""""",""200"",""1387""",,,,,,,,,
"""::1"",""-"",""-"",""[02/Feb/2019:12:07:21"",""+0530]"",""""""GET"",""/phpmyadmin/db_structure.php?server=1&db=test&ajax_request=true&ajax_page_request=true&_nocache=1549089441505571922&token=%2C%40%26%40Ot%2Ck%24K%22%2F(%25%3D%60"",""HTTP/1.1"""""",""200"",""5259""",,,,,,,,,
"""::1"",""-"",""-"",""[02/Feb/2019:12:07:22"",""+0530]"",""""""GET"",""/phpmyadmin/navigation.php?ajax_request=1&aPath=cm9vdA%3D%3D.dGVzdA%3D%3D&vPath=cm9vdA%3D%3D.dGVzdA%3D%3D&pos=0&pos2_name=&pos2_value=&searchClause=&searchClause2=&_nocache=1549089442217337902&token=%2C%40%26%40Ot%2Ck%24K%22%2F(%25%3D%60"",""HTTP/1.1"""""",""200"",""1836""",,,,,,,,,
"""::1"",""-"",""-"",""[02/Feb/2019:12:07:24"",""+0530]"",""""""GET"",""/phpmyadmin/sql.php?db=test&table=firewall&pos=0&ajax_request=true&ajax_page_request=true&_nocache=1549089444249417105&token=%2C%40%26%40Ot%2Ck%24K%22%2F(%25%3D%60"",""HTTP/1.1"""""",""200"",""8192""",,,,,,,,,
"""::1"",""-"",""-"",""[02/Feb/2019:12:07:25"",""+0530]"",""""""GET"",""/phpmyadmin/index.php?ajax_request=1&recent_table=1&no_debug=true&_nocache=1549089445793965779&token=%2C%40%26%40Ot%2Ck%24K%22%2F(%25%3D%60"",""HTTP/1.1"""""",""200"",""1443""",,,,,,,,,
"""::1"",""-"",""-"",""[02/Feb/2019:12:07:28"",""+0530]"",""""""POST"",""/phpmyadmin/ajax.php"",""HTTP/1.1"""""",""200"",""1388""",,,,,,,,,
"""::1"",""-"",""-"",""[02/Feb/2019:12:07:30"",""+0530]"",""""""POST"",""/phpmyadmin/lint.php"",""HTTP/1.1"""""",""200"",""28""",,,,,,,,,
"""::1"",""-"",""-"",""[02/Feb/2019:12:07:32"",""+0530]"",""""""POST"",""/phpmyadmin/navigation.php?ajax_request=1"",""HTTP/1.1"""""",""200"",""2416""",,,,,,,,,
"""::1"",""-"",""-"",""[02/Feb/2019:12:07:32"",""+0530]"",""""""POST"",""/phpmyadmin/import.php"",""HTTP/1.1"""""",""200"",""6060""",,,,,,,,,
"""::1"",""-"",""-"",""[02/Feb/2019:12:07:34"",""+0530]"",""""""GET"",""/phpmyadmin/index.php?ajax_request=1&recent_table=1&no_debug=true&_nocache=1549089454298824187&token=%2C%40%26%40Ot%2Ck%24K%22%2F(%25%3D%60"",""HTTP/1.1"""""",""200"",""1443""",,,,,,,,,
"""::1"",""-"",""-"",""[02/Feb/2019:12:08:22"",""+0530]"",""""""GET"",""/phpmyadmin/db_import.php?db=test&ajax_request=true&ajax_page_request=true&_nocache=1549089502000492176&token=%2C%40%26%40Ot%2Ck%24K%22%2F(%25%3D%60"",""HTTP/1.1"""""",""200"",""6438""",,,,,,,,,
"""::1"",""-"",""-"",""[02/Feb/2019:12:08:23"",""+0530]"",""""""GET"",""/phpmyadmin/js/import.js?v=4.8.4"",""HTTP/1.1"""""",""200"",""5640""",,,,,,,,,
"""::1"",""-"",""-"",""[02/Feb/2019:12:09:34"",""+0530]"",""""""POST"",""/phpmyadmin/import.php"",""HTTP/1.1"""""",""200"",""28283""",,,,,,,,,
"""::1"",""-"",""-"",""[02/Feb/2019:12:09:39"",""+0530]"",""""""GET"",""/phpmyadmin/phpmyadmin.css.php?nocache=6183260960ltr&server=1"",""HTTP/1.1"""""",""200"",""20760""",,,,,,,,,
"""::1"",""-"",""-"",""[02/Feb/2019:12:09:40"",""+0530]"",""""""POST"",""/phpmyadmin/ajax.php"",""HTTP/1.1"""""",""200"",""1396""",,,,,,,,,
"""::1"",""-"",""-"",""[02/Feb/2019:12:09:40"",""+0530]"",""""""POST"",""/phpmyadmin/navigation.php?ajax_request=1"",""HTTP/1.1"""""",""200"",""2440""",,,,,,,,,
"""::1"",""-"",""-"",""[02/Feb/2019:12:09:40"",""+0530]"",""""""POST"",""/phpmyadmin/ajax.php"",""HTTP/1.1"""""",""200"",""1491""",,,,,,,,,
"""::1"",""-"",""-"",""[02/Feb/2019:12:09:41"",""+0530]"",""""""POST"",""/phpmyadmin/ajax.php"",""HTTP/1.1"""""",""200"",""1388""",,,,,,,,,
"""::1"",""-"",""-"",""[02/Feb/2019:12:09:47"",""+0530]"",""""""GET"",""/phpmyadmin/tbl_create.php?server=1&db=test&ajax_request=true&ajax_page_request=true&_nocache=1549089587558276975&token=%2C%40%26%40Ot%2Ck%24K%22%2F(%25%3D%60"",""HTTP/1.1"""""",""200"",""23564""",,,,,,,,,
"""::1"",""-"",""-"",""[02/Feb/2019:12:09:52"",""+0530]"",""""""GET"",""/phpmyadmin/sql.php?server=1&db=test&table=table+5&pos=0&ajax_request=true&ajax_page_request=true&_nocache=1549089592945179517&token=%2C%40%26%40Ot%2Ck%24K%22%2F(%25%3D%60"",""HTTP/1.1"""""",""200"",""7850""",,,,,,,,,
"""::1"",""-"",""-"",""[02/Feb/2019:12:09:54"",""+0530]"",""""""GET"",""/phpmyadmin/index.php?ajax_request=1&recent_table=1&no_debug=true&_nocache=1549089594128911952&token=%2C%40%26%40Ot%2Ck%24K%22%2F(%25%3D%60"",""HTTP/1.1"""""",""200"",""1458""",,,,,,,,,
"""::1"",""-"",""-"",""[02/Feb/2019:12:09:55"",""+0530]"",""""""GET"",""/phpmyadmin/sql.php?server=1&db=test&table=table+4&pos=0&ajax_request=true&ajax_page_request=true&_nocache=1549089595193270591&token=%2C%40%26%40Ot%2Ck%24K%22%2F(%25%3D%60"",""HTTP/1.1"""""",""200"",""8289""",,,,,,,,,
"""::1"",""-"",""-"",""[02/Feb/2019:12:09:56"",""+0530]"",""""""GET"",""/phpmyadmin/index.php?ajax_request=1&recent_table=1&no_debug=true&_nocache=1549089596502341264&token=%2C%40%26%40Ot%2Ck%24K%22%2F(%25%3D%60"",""HTTP/1.1"""""",""200"",""1466""",,,,,,,,,
"""::1"",""-"",""-"",""[02/Feb/2019:12:10:12"",""+0530]"",""""""GET"",""/phpmyadmin/sql.php?server=1&db=test&table=table+5&pos=0&ajax_request=true&ajax_page_request=true&_nocache=1549089612433240545&token=%2C%40%26%40Ot%2Ck%24K%22%2F(%25%3D%60"",""HTTP/1.1"""""",""200"",""7847""",,,,,,,,,
"""::1"",""-"",""-"",""[02/Feb/2019:12:10:13"",""+0530]"",""""""GET"",""/phpmyadmin/index.php?ajax_request=1&recent_table=1&no_debug=true&_nocache=1549089613517246327&token=%2C%40%26%40Ot%2Ck%24K%22%2F(%25%3D%60"",""HTTP/1.1"""""",""200"",""1466""",,,,,,,,,
"""::1"",""-"",""-"",""[02/Feb/2019:12:10:24"",""+0530]"",""""""GET"",""/phpmyadmin/server_databases.php?server=1&ajax_request=true&ajax_page_request=true&_nocache=154908962499191844&token=%2C%40%26%40Ot%2Ck%24K%22%2F(%25%3D%60"",""HTTP/1.1"""""",""200"",""6120""",,,,,,,,,
"""::1"",""-"",""-"",""[02/Feb/2019:12:10:27"",""+0530]"",""""""GET"",""/phpmyadmin/themes/pmahomme/img/s_unlink.png"",""HTTP/1.1"""""",""200"",""589""",,,,,,,,,
"""::1"",""-"",""-"",""[02/Feb/2019:12:10:51"",""+0530]"",""""""POST"",""/phpmyadmin/server_databases.php"",""HTTP/1.1"""""",""200"",""1744""",,,,,,,,,
"""::1"",""-"",""-"",""[02/Feb/2019:12:10:51"",""+0530]"",""""""POST"",""/phpmyadmin/navigation.php?ajax_request=1"",""HTTP/1.1"""""",""200"",""2497""",,,,,,,,,
"""::1"",""-"",""-"",""[02/Feb/2019:12:10:51"",""+0530]"",""""""GET"",""/phpmyadmin/db_structure.php?db=Pikachu&ajax_request=true&ajax_page_request=true&_nocache=1549089651540545383&token=%2C%40%26%40Ot%2Ck%24K%22%2F(%25%3D%60"",""HTTP/1.1"""""",""200"",""2734""",,,,,,,,,
"""::1"",""-"",""-"",""[02/Feb/2019:12:10:55"",""+0530]"",""""""GET"",""/phpmyadmin/db_import.php?db=Pikachu&ajax_request=true&ajax_page_request=true&_nocache=1549089655814635552&token=%2C%40%26%40Ot%2Ck%24K%22%2F(%25%3D%60"",""HTTP/1.1"""""",""200"",""6443""",,,,,,,,,
"""::1"",""-"",""-"",""[02/Feb/2019:12:11:13"",""+0530]"",""""""POST"",""/phpmyadmin/import.php"",""HTTP/1.1"""""",""200"",""28360""",,,,,,,,,
"""::1"",""-"",""-"",""[02/Feb/2019:12:11:17"",""+0530]"",""""""GET"",""/phpmyadmin/phpmyadmin.css.php?nocache=6183261092ltr&server=1"",""HTTP/1.1"""""",""200"",""20760""",,,,,,,,,
"""::1"",""-"",""-"",""[02/Feb/2019:12:11:18"",""+0530]"",""""""POST"",""/phpmyadmin/ajax.php"",""HTTP/1.1"""""",""200"",""1396""",,,,,,,,,
"""::1"",""-"",""-"",""[02/Feb/2019:12:11:18"",""+0530]"",""""""POST"",""/phpmyadmin/navigation.php?ajax_request=1"",""HTTP/1.1"""""",""200"",""2497""",,,,,,,,,
"""::1"",""-"",""-"",""[02/Feb/2019:12:11:18"",""+0530]"",""""""POST"",""/phpmyadmin/ajax.php"",""HTTP/1.1"""""",""200"",""1491""",,,,,,,,,
"""::1"",""-"",""-"",""[02/Feb/2019:12:11:18"",""+0530]"",""""""POST"",""/phpmyadmin/ajax.php"",""HTTP/1.1"""""",""200"",""1388""",,,,,,,,,
"""::1"",""-"",""-"",""[02/Feb/2019:12:11:20"",""+0530]"",""""""GET"",""/phpmyadmin/db_structure.php?server=1&db=pikachu&ajax_request=true&ajax_page_request=true&_nocache=1549089680192221946&token=%2C%40%26%40Ot%2Ck%24K%22%2F(%25%3D%60"",""HTTP/1.1"""""",""200"",""4654""",,,,,,,,,
"""::1"",""-"",""-"",""[02/Feb/2019:12:11:20"",""+0530]"",""""""GET"",""/phpmyadmin/navigation.php?ajax_request=1&aPath=cm9vdA%3D%3D.cGlrYWNodQ%3D%3D&vPath=cm9vdA%3D%3D.cGlrYWNodQ%3D%3D&pos=0&pos2_name=&pos2_value=&searchClause=&searchClause2=&_nocache=1549089680722625284&token=%2C%40%26%40Ot%2Ck%24K%22%2F(%25%3D%60"",""HTTP/1.1"""""",""200"",""1717""",,,,,,,,,
"""::1"",""-"",""-"",""[02/Feb/2019:12:11:23"",""+0530]"",""""""GET"",""/phpmyadmin/sql.php?server=1&db=pikachu&table=table+1&pos=0&ajax_request=true&ajax_page_request=true&_nocache=1549089683042766914&token=%2C%40%26%40Ot%2Ck%24K%22%2F(%25%3D%60"",""HTTP/1.1"""""",""200"",""7855""",,,,,,,,,
"""::1"",""-"",""-"",""[02/Feb/2019:12:11:24"",""+0530]"",""""""GET"",""/phpmyadmin/index.php?ajax_request=1&recent_table=1&no_debug=true&_nocache=1549089684099196983&token=%2C%40%26%40Ot%2Ck%24K%22%2F(%25%3D%60"",""HTTP/1.1"""""",""200"",""1483""",,,,,,,,,
"""::1"",""-"",""-"",""[02/Feb/2019:12:11:31"",""+0530]"",""""""GET"",""/phpmyadmin/tbl_operations.php?db=pikachu&table=table+1&ajax_request=true&ajax_page_request=true&_nocache=1549089691298965239&token=%2C%40%26%40Ot%2Ck%24K%22%2F(%25%3D%60"",""HTTP/1.1"""""",""200"",""6616""",,,,,,,,,
"""::1"",""-"",""-"",""[02/Feb/2019:12:11:32"",""+0530]"",""""""GET"",""/phpmyadmin/js/tbl_operations.js?v=4.8.4"",""HTTP/1.1"""""",""200"",""14214""",,,,,,,,,
"""::1"",""-"",""-"",""[02/Feb/2019:12:11:32"",""+0530]"",""""""GET"",""/phpmyadmin/index.php?ajax_request=1&recent_table=1&no_debug=true&_nocache=1549089692287485845&token=%2C%40%26%40Ot%2Ck%24K%22%2F(%25%3D%60"",""HTTP/1.1"""""",""200"",""1483""",,,,,,,,,
"""::1"",""-"",""-"",""[02/Feb/2019:12:11:41"",""+0530]"",""""""POST"",""/phpmyadmin/tbl_operations.php"",""HTTP/1.1"""""",""200"",""6995""",,,,,,,,,
"""::1"",""-"",""-"",""[02/Feb/2019:12:11:41"",""+0530]"",""""""GET"",""/phpmyadmin/tbl_operations.php?server=1&db=pikachu&table=wireshark&ajax_request=true&ajax_page_request=true&_nocache=1549089701872574935&token=%2C%40%26%40Ot%2Ck%24K%22%2F(%25%3D%60"",""HTTP/1.1"""""",""200"",""6626""",,,,,,,,,
"""::1"",""-"",""-"",""[02/Feb/2019:12:11:41"",""+0530]"",""""""POST"",""/phpmyadmin/navigation.php?ajax_request=1"",""HTTP/1.1"""""",""200"",""2586""",,,,,,,,,
"""::1"",""-"",""-"",""[02/Feb/2019:12:11:42"",""+0530]"",""""""GET"",""/phpmyadmin/index.php?ajax_request=1&recent_table=1&no_debug=true&_nocache=1549089702853506801&token=%2C%40%26%40Ot%2Ck%24K%22%2F(%25%3D%60"",""HTTP/1.1"""""",""200"",""1496""",,,,,,,,,
"""::1"",""-"",""-"",""[02/Feb/2019:12:11:44"",""+0530]"",""""""GET"",""/phpmyadmin/sql.php?server=1&db=pikachu&table=wireshark&pos=0&ajax_request=true&ajax_page_request=true&_nocache=1549089704487848777&token=%2C%40%26%40Ot%2Ck%24K%22%2F(%25%3D%60"",""HTTP/1.1"""""",""200"",""7872""",,,,,,,,,
"""::1"",""-"",""-"",""[02/Feb/2019:12:11:45"",""+0530]"",""""""GET"",""/phpmyadmin/index.php?ajax_request=1&recent_table=1&no_debug=true&_nocache=1549089705450923394&token=%2C%40%26%40Ot%2Ck%24K%22%2F(%25%3D%60"",""HTTP/1.1"""""",""200"",""1496""",,,,,,,,,
""""",,,,,,,,,achu&ajax_request=true&ajax_page_request=true&_nocache=1549089655814635552&token=%2C%40%26%40Ot%2Ck%24K%22%2F(%25%3D%60","200","200","6443",,,,,,
"::1","-","-","[02/Feb/2019:12:11:13","+0530]","""POST","/phpmyadmin/import.php","HTTP/1.1""","200","28360"
"::1","-","-","[02/Feb/2019:12:11:17","+0530]","""GET","/phpmyadmin/phpmyadmin.css.php?nocache=6183261092ltr&server=1","HTTP/1.1""","200","20760"
"::1","-","-","[02/Feb/2019:12:11:18","+0530]","""POST","/phpmyadmin/ajax.php","HTTP/1.1""","200","1396"
"::1","-","-","[02/Feb/2019:12:11:18","+0530]","""POST","/phpmyadmin/navigation.php?ajax_request=1","HTTP/1.1""","200","2497"
"::1","-","-","[02/Feb/2019:12:11:18","+0530]","""POST","/phpmyadmin/ajax.php","HTTP/1.1""","200","1491"
"::1","-","-","[02/Feb/2019:12:11:18","+0530]","""POST","/phpmyadmin/ajax.php","HTTP/1.1""","200","1388"
"::1","-","-","[02/Feb/2019:12:11:20","+0530]","""GET","/phpmyadmin/db_structure.php?server=1&db=pikachu&ajax_request=true&ajax_page_request=true&_nocache=1549089680192221946&token=%2C%40%26%40Ot%2Ck%24K%22%2F(%25%3D%60","HTTP/1.1""","200","4654"
"::1","-","-","[02/Feb/2019:12:11:20","+0530]","""GET","/phpmyadmin/navigation.php?ajax_request=1&aPath=cm9vdA%3D%3D.cGlrYWNodQ%3D%3D&vPath=cm9vdA%3D%3D.cGlrYWNodQ%3D%3D&pos=0&pos2_name=&pos2_value=&searchClause=&searchClause2=&_nocache=1549089680722625284&token=%2C%40%26%40Ot%2Ck%24K%22%2F(%25%3D%60","HTTP/1.1""","200","1717"
"::1","-","-","[02/Feb/2019:12:11:23","+0530]","""GET","/phpmyadmin/sql.php?server=1&db=pikachu&table=table+1&pos=0&ajax_request=true&ajax_page_request=true&_nocache=1549089683042766914&token=%2C%40%26%40Ot%2Ck%24K%22%2F(%25%3D%60","HTTP/1.1""","200","7855"
"::1","-","-","[02/Feb/2019:12:11:24","+0530]","""GET","/phpmyadmin/index.php?ajax_request=1&recent_table=1&no_debug=true&_nocache=1549089684099196983&token=%2C%40%26%40Ot%2Ck%24K%22%2F(%25%3D%60","HTTP/1.1""","200","1483"
"::1","-","-","[02/Feb/2019:12:11:31","+0530]","""GET","/phpmyadmin/tbl_operations.php?db=pikachu&table=table+1&ajax_request=true&ajax_page_request=true&_nocache=1549089691298965239&token=%2C%40%26%40Ot%2Ck%24K%22%2F(%25%3D%60","HTTP/1.1""","200","6616"
"::1","-","-","[02/Feb/2019:12:11:32","+0530]","""GET","/phpmyadmin/js/tbl_operations.js?v=4.8.4","HTTP/1.1""","200","14214"
"::1","-","-","[02/Feb/2019:12:11:32","+0530]","""GET","/phpmyadmin/index.php?ajax_request=1&recent_table=1&no_debug=true&_nocache=1549089692287485845&token=%2C%40%26%40Ot%2Ck%24K%22%2F(%25%3D%60","HTTP/1.1""","200","1483"
"::1","-","-","[02/Feb/2019:12:11:41","+0530]","""POST","/phpmyadmin/tbl_operations.php","HTTP/1.1""","200","6995"
"::1","-","-","[02/Feb/2019:12:11:41","+0530]","""GET","/phpmyadmin/tbl_operations.php?server=1&db=pikachu&table=wireshark&ajax_request=true&ajax_page_request=true&_nocache=1549089701872574935&token=%2C%40%26%40Ot%2Ck%24K%22%2F(%25%3D%60","HTTP/1.1""","200","6626"
"::1","-","-","[02/Feb/2019:12:11:41","+0530]","""POST","/phpmyadmin/navigation.php?ajax_request=1","HTTP/1.1""","200","2586"
"::1","-","-","[02/Feb/2019:12:11:42","+0530]","""GET","/phpmyadmin/index.php?ajax_request=1&recent_table=1&no_debug=true&_nocache=1549089702853506801&token=%2C%40%26%40Ot%2Ck%24K%22%2F(%25%3D%60","HTTP/1.1""","200","1496"
"::1","-","-","[02/Feb/2019:12:11:44","+0530]","""GET","/phpmyadmin/sql.php?server=1&db=pikachu&table=wireshark&pos=0&ajax_request=true&ajax_page_request=true&_nocache=1549089704487848777&token=%2C%40%26%40Ot%2Ck%24K%22%2F(%25%3D%60","HTTP/1.1""","200","7872"
"::1","-","-","[02/Feb/2019:12:11:45","+0530]","""GET","/phpmyadmin/index.php?ajax_request=1&recent_table=1&no_debug=true&_nocache=1549089705450923394&token=%2C%40%26%40Ot%2Ck%24K%22%2F(%25%3D%60","HTTP/1.1""","200","1496"
"",,,,,,,,,